Nombre del artista,Nombre del album,Nombre de singles,URL,URL imagen album
lllit,Broken Abst,Sampler Dub,https://open.spotify.com/track/5wpPyICTFBNFUKOh6DOymB,https://i.scdn.co/image/ab67616d0000b2736968c6857aa2815faae9e5b2
lllit,Broken Abst,Eco Space,https://open.spotify.com/track/6b1kXMEwS37XtTEaLpF2iT,https://i.scdn.co/image/ab67616d0000b2736968c6857aa2815faae9e5b2
lllit,Broken Abst,Sampler Dub - Autotel Remix,https://open.spotify.com/track/2ta9UNX6UjH3VKZEUqtsEF,https://i.scdn.co/image/ab67616d0000b2736968c6857aa2815faae9e5b2
lllit,Broken Abst,Eco Space - Dib Remix,https://open.spotify.com/track/6qCP8m8sng51ZDcOoApq8G,https://i.scdn.co/image/ab67616d0000b2736968c6857aa2815faae9e5b2
lllit,Broken Abst,Sampler Dub - Lamebot Remix,https://open.spotify.com/track/6H3ASl3iFNXiXgdjvULmaj,https://i.scdn.co/image/ab67616d0000b2736968c6857aa2815faae9e5b2
lllit,Broken Abst,Eco Space - Eden Grey Remix,https://open.spotify.com/track/3rQc3qqef7ye9m8nbMWn2N,https://i.scdn.co/image/ab67616d0000b2736968c6857aa2815faae9e5b2
lllit,Ecosfera,Ecosfera I,https://open.spotify.com/track/474uM7Bk1sefVHi3OFljl0,https://i.scdn.co/image/ab67616d0000b273e20a2846bd5a05bb999b6b4b
lllit,Ecosfera,Ecosfera II,https://open.spotify.com/track/25746MFTchAat7Gb3Eaa9I,https://i.scdn.co/image/ab67616d0000b273e20a2846bd5a05bb999b6b4b
lllit,Ecosfera,Ecosfera III,https://open.spotify.com/track/1M4cn0NKOSYX0EmUy3Y1dZ,https://i.scdn.co/image/ab67616d0000b273e20a2846bd5a05bb999b6b4b
lllit,Ecosfera,Ecosfera IV,https://open.spotify.com/track/2aewxJSFWOPN85g4q5k4oc,https://i.scdn.co/image/ab67616d0000b273e20a2846bd5a05bb999b6b4b
lllit,Ecosfera,Ecosfera V,https://open.spotify.com/track/1RIJhTfA4jv2UZMEF6jxbx,https://i.scdn.co/image/ab67616d0000b273e20a2846bd5a05bb999b6b4b
lllit,Dirt Dub,Dirt Dub,https://open.spotify.com/track/7GXoH4R9cAm68S5ca8SUTE,https://i.scdn.co/image/ab67616d0000b273e8c351cf71af27267492505d
lllit,Dirt Dub,Dirt Dub (Vocal) - Orignal Mix,https://open.spotify.com/track/23d9csaD4QFMUS9Rj8QibS,https://i.scdn.co/image/ab67616d0000b273e8c351cf71af27267492505d
lllit,Dirt Dub,Dirt Dub - Radio Badjay Remix,https://open.spotify.com/track/12yS3OsviwHh5RHmlIcG76,https://i.scdn.co/image/ab67616d0000b273e8c351cf71af27267492505d
lllit,Dirt Dub,Dirt Dub - Bleupulp Remix,https://open.spotify.com/track/13joL9hI1NQYcEWnyp6OTP,https://i.scdn.co/image/ab67616d0000b273e8c351cf71af27267492505d
lllit,Dirt Dub,Dirt Dub - Leopoldolll Remix,https://open.spotify.com/track/0ChP6HNwn769YYVJEkCfnT,https://i.scdn.co/image/ab67616d0000b273e8c351cf71af27267492505d
lllit,Dirt Dub,Dirt Dub - Oldschool Dubtechno .Producer Remix,https://open.spotify.com/track/4KZJIRUmhD3fDGpaGe0OND,https://i.scdn.co/image/ab67616d0000b273e8c351cf71af27267492505d
lllit,Dirt Dub,Dirt Dub - Retouched Remix,https://open.spotify.com/track/4EqtH2u87sVICFlTaWVrzV,https://i.scdn.co/image/ab67616d0000b273e8c351cf71af27267492505d
lllit,Dirt Dub,Dirt Dub - RE.vila Remix,https://open.spotify.com/track/5Fl5s9eThVKWwuYNIkSUB1,https://i.scdn.co/image/ab67616d0000b273e8c351cf71af27267492505d
lllit,Hiperbórea,Elemento Lunar,https://open.spotify.com/track/59ysf4XiNNvVBrPb7wpTah,https://i.scdn.co/image/ab67616d0000b273f45da560fa522e0174f6259c
lllit,Hiperbórea,Heródoto,https://open.spotify.com/track/3xzr6FDx4YRgks7orQpCec,https://i.scdn.co/image/ab67616d0000b273f45da560fa522e0174f6259c
lllit,Hiperbórea,Montes Ripeos,https://open.spotify.com/track/3WGOFSnjM1xCpTN1J19ukm,https://i.scdn.co/image/ab67616d0000b273f45da560fa522e0174f6259c
lllit,Hiperbórea,Septentrionales,https://open.spotify.com/track/0k801yvAS7dpI9QVMWmT3R,https://i.scdn.co/image/ab67616d0000b273f45da560fa522e0174f6259c
lllit,Hiperbórea,Bóreas,https://open.spotify.com/track/7t8kGbP58WXpBaVl25jCyc,https://i.scdn.co/image/ab67616d0000b273f45da560fa522e0174f6259c
lllit,Hiperbórea,Elemento Solar,https://open.spotify.com/track/7iPkWipuMUql3dbdHw7Tq9,https://i.scdn.co/image/ab67616d0000b273f45da560fa522e0174f6259c
lllit,Hiperbórea,Kaos Cosmos,https://open.spotify.com/track/7a6N3LlxuLN2XzmTnf581E,https://i.scdn.co/image/ab67616d0000b273f45da560fa522e0174f6259c
lllit,Magickspaces,Atmos For Saturn,https://open.spotify.com/track/1v9ZOh5VGaFuIVOt1J33XV,https://i.scdn.co/image/ab67616d0000b27370a3f32d0c4609d500f91ed2
lllit,Magickspaces,Tonal y Nagual,https://open.spotify.com/track/1592G03flp9TracqIo9Ojo,https://i.scdn.co/image/ab67616d0000b27370a3f32d0c4609d500f91ed2
lllit,Magickspaces,Caricia al Alma,https://open.spotify.com/track/3oN3xIbOD4t211yX0UxFiL,https://i.scdn.co/image/ab67616d0000b27370a3f32d0c4609d500f91ed2
lllit,Magickspaces,Low Tempo,https://open.spotify.com/track/2LDJCDriuBPDRcW57l2yoB,https://i.scdn.co/image/ab67616d0000b27370a3f32d0c4609d500f91ed2
lllit,Magickspaces,Factor Rh,https://open.spotify.com/track/4YLZVlFHwm0F1Tm7iALvFh,https://i.scdn.co/image/ab67616d0000b27370a3f32d0c4609d500f91ed2
lllit,Magickspaces,El Viaje del Pillan,https://open.spotify.com/track/0vFjTXytbM6K06O3Npusrd,https://i.scdn.co/image/ab67616d0000b27370a3f32d0c4609d500f91ed2
lllit,Flames Underwater,Lago,https://open.spotify.com/track/6XVRqfw72EW8p49NSomnPY,https://i.scdn.co/image/ab67616d0000b2734f4fe2e9bd61a1b8d6b96bc6
lllit,Flames Underwater,Paradojas,https://open.spotify.com/track/5gCeAWFFH34ZxmNul89a9F,https://i.scdn.co/image/ab67616d0000b2734f4fe2e9bd61a1b8d6b96bc6
lllit,Flames Underwater,La Cueva,https://open.spotify.com/track/7Ezej7ICjrwOTn6VHopAUJ,https://i.scdn.co/image/ab67616d0000b2734f4fe2e9bd61a1b8d6b96bc6
lllit,Flames Underwater,El Sueño De Davis,https://open.spotify.com/track/1URdlr5LUdbRKchTANm5pU,https://i.scdn.co/image/ab67616d0000b2734f4fe2e9bd61a1b8d6b96bc6
lllit,Flames Underwater,Mahuida,https://open.spotify.com/track/0VYSn5TbKsZEmFxad7ngwA,https://i.scdn.co/image/ab67616d0000b2734f4fe2e9bd61a1b8d6b96bc6
lllit,Eudaimonia,Introspección,https://open.spotify.com/track/2UhgCRNNvv4o0KBDrEXfV5,https://i.scdn.co/image/ab67616d0000b2730a170bb3efb83d6ef03968dd
lllit,Eudaimonia,Cada Ruido,https://open.spotify.com/track/197llI0kqPocEiC8NoTaTO,https://i.scdn.co/image/ab67616d0000b2730a170bb3efb83d6ef03968dd
lllit,Eudaimonia,Colors Orange,https://open.spotify.com/track/0F9avl7NvqNX0IRN49t48J,https://i.scdn.co/image/ab67616d0000b2730a170bb3efb83d6ef03968dd
lllit,Eudaimonia,Cornalina,https://open.spotify.com/track/5KZESsKo1wNQaCUHUaPui8,https://i.scdn.co/image/ab67616d0000b2730a170bb3efb83d6ef03968dd
lllit,Eudaimonia,Creación Mental,https://open.spotify.com/track/1KiCxruaG5dMPWqLQeF4Pc,https://i.scdn.co/image/ab67616d0000b2730a170bb3efb83d6ef03968dd
lllit,Eudaimonia,Golden Teacher,https://open.spotify.com/track/6QQjmdXVYhS1HABG54FBol,https://i.scdn.co/image/ab67616d0000b2730a170bb3efb83d6ef03968dd
lllit,Eudaimonia,Hsup,https://open.spotify.com/track/5NPghSOT0Hf8bTqcAe9gkr,https://i.scdn.co/image/ab67616d0000b2730a170bb3efb83d6ef03968dd
lllit,Eudaimonia,Xenakis,https://open.spotify.com/track/1yi4OhouuHR2tK8WYOuAkt,https://i.scdn.co/image/ab67616d0000b2730a170bb3efb83d6ef03968dd
lllit,Eudaimonia,90'S-Tipe,https://open.spotify.com/track/1KqjIN5lhzBPFBeqOO2z7S,https://i.scdn.co/image/ab67616d0000b2730a170bb3efb83d6ef03968dd
lllit,Without Cloud (LLLIT Remix),Without Cloud - LLLIT Remix,https://open.spotify.com/track/1Tofl3AJVWcjwChP3dI5c5,https://i.scdn.co/image/ab67616d0000b273046e08d72d2d98bb7f78a0b2
lllit,Fuera De Lugar,Fuera De Lugar,https://open.spotify.com/track/01Szrt27VxZMGi3DXrvEDr,https://i.scdn.co/image/ab67616d0000b27364e5b5cb02e284a9515f15c7
lllit,Fuera De Lugar,Fuera De Lugar - Seabra Monkey Remix,https://open.spotify.com/track/19YUdT0rrFr7cdVaAO4Czh,https://i.scdn.co/image/ab67616d0000b27364e5b5cb02e284a9515f15c7
lllit,Fuera De Lugar,Fuera De Lugar - BLOMAQ Remix,https://open.spotify.com/track/7n9qt4pfBPXmHbc5G0KtJ2,https://i.scdn.co/image/ab67616d0000b27364e5b5cb02e284a9515f15c7
lllit,Fuera De Lugar,Fuera De Lugar - Hopler Route Remix,https://open.spotify.com/track/6orS2Qd91lY0pdDxLqOl3R,https://i.scdn.co/image/ab67616d0000b27364e5b5cb02e284a9515f15c7
lllit,Fuera De Lugar,Fuera De Lugar - Radio Badjay Remix,https://open.spotify.com/track/4Ss86N8yUCdoASfXdYZLoc,https://i.scdn.co/image/ab67616d0000b27364e5b5cb02e284a9515f15c7
lllit,Murmullo,Murmullo,https://open.spotify.com/track/2zm00nUnVZS9eixSiBZOhh,https://i.scdn.co/image/ab67616d0000b2732399c81f14ba5a76242b03f2
lllit,Murmullo,Murmullo - Ton an Ton Remix,https://open.spotify.com/track/3jEvka8XarC95pcRnCQklW,https://i.scdn.co/image/ab67616d0000b2732399c81f14ba5a76242b03f2
lllit,Murmullo,Murmullo - Re.vila Remix,https://open.spotify.com/track/3SOxomjladqiWlCGJMa4tZ,https://i.scdn.co/image/ab67616d0000b2732399c81f14ba5a76242b03f2
lllit,Murmullo,Murmullo - Gambusia,https://open.spotify.com/track/4sIjptaUrSVjHD8anwwX7E,https://i.scdn.co/image/ab67616d0000b2732399c81f14ba5a76242b03f2
lllit,Tuberia,Tubería,https://open.spotify.com/track/0Stf5t6FeINia89PkRri9E,https://i.scdn.co/image/ab67616d0000b2739481059b3f3500f1dcb76cf3
lllit,Tuberia,Tubería - Gambusia Remix,https://open.spotify.com/track/5vMfblC6rvQtBTP1iZ9YCR,https://i.scdn.co/image/ab67616d0000b2739481059b3f3500f1dcb76cf3
lllit,Tuberia,Tubería - LeopoldoIII Remix,https://open.spotify.com/track/4ZpTlbCDjemaA4gJ2wyw5N,https://i.scdn.co/image/ab67616d0000b2739481059b3f3500f1dcb76cf3
lllit,Tuberia,Tubería - Retouched Remix,https://open.spotify.com/track/5STnx7wQVwpSwUkXgW6FMj,https://i.scdn.co/image/ab67616d0000b2739481059b3f3500f1dcb76cf3
lllit,Monada,Monada - Original,https://open.spotify.com/track/2B5VNiP4lT3hLeUowhjqCv,https://i.scdn.co/image/ab67616d0000b27390b7f4f2a204f61e26c94357
lllit,Co2 (LLLIT Remix),Co2 - LLLIT Remix,https://open.spotify.com/track/1DpLjJxLflSk8QkU93CMlo,https://i.scdn.co/image/ab67616d0000b2734e8a444e6a70cae69bc312e9
lllit,Mimosa,Mimosa,https://open.spotify.com/track/215FCF1t0w0S5eo86KNUSu,https://i.scdn.co/image/ab67616d0000b273b379f168d98e07e7f1f79c8b
lllit,Mimosa,Mimosa - Radio Badjay Remix,https://open.spotify.com/track/69ahNoSx48clf48MJzd3Sq,https://i.scdn.co/image/ab67616d0000b273b379f168d98e07e7f1f79c8b
lllit,Mimosa,Mimosa - LeopoldoIII Remix,https://open.spotify.com/track/4OvTj8c8YQe4KBj6HdASgs,https://i.scdn.co/image/ab67616d0000b273b379f168d98e07e7f1f79c8b
lllit,Mimosa,Mimosa - Kazra X Aztryd Remix,https://open.spotify.com/track/7eZRKGtcpmvSgb4apJaLcO,https://i.scdn.co/image/ab67616d0000b273b379f168d98e07e7f1f79c8b
lllit,Lo Trumpet,Lo Trumpet,https://open.spotify.com/track/3P9IN0ZDGxW2OgkWoRrBoF,https://i.scdn.co/image/ab67616d0000b273509b5156ab924d195f77f03b
lllit,Lo Trumpet,Lo Trumpet - CK Remix,https://open.spotify.com/track/4CQBnskzrcGKr7rJQvquLK,https://i.scdn.co/image/ab67616d0000b273509b5156ab924d195f77f03b
lllit,Lo Trumpet,Lo Trumpet - LeopoldoIII Remix,https://open.spotify.com/track/0V7taBW7zNG96MlbF4RA86,https://i.scdn.co/image/ab67616d0000b273509b5156ab924d195f77f03b
lllit,Lo Trumpet,Lo Trumpet - Autotel Remix,https://open.spotify.com/track/6y5xSUQXrN4bLo5uBQonbq,https://i.scdn.co/image/ab67616d0000b273509b5156ab924d195f77f03b
lllit,Distopia Sonora,No Me Pregunti a Mi,https://open.spotify.com/track/76PweWSvLEkaGGhKetakjx,https://i.scdn.co/image/ab67616d0000b273cb64236820592dac667cb7df
lllit,Distopia Sonora,Zarpando en Niebla,https://open.spotify.com/track/3X2yZH8TOwmwN2yFEEcF5u,https://i.scdn.co/image/ab67616d0000b273cb64236820592dac667cb7df
lllit,Distopia Sonora,Bruja,https://open.spotify.com/track/6a2wBMzklH4erKdXcK7FFT,https://i.scdn.co/image/ab67616d0000b273cb64236820592dac667cb7df
lllit,Dark Sun mix (lllit Remix),Dark Sun mix - lllit Remix,https://open.spotify.com/track/0h90SpYX9rdDPEwF7eTqVt,https://i.scdn.co/image/ab67616d0000b273c04b6415e8450de00b68f0c3
lllit,Floripondio,Brugmansia,https://open.spotify.com/track/60VaVPXADn9MknFPs7RHOa,https://i.scdn.co/image/ab67616d0000b273e375f1da849791b6648b606c
lllit,Floripondio,Datureae,https://open.spotify.com/track/7gWK3Rlv1MDeLMzpxziczU,https://i.scdn.co/image/ab67616d0000b273e375f1da849791b6648b606c
lllit,Floripondio,Magnoliopsida,https://open.spotify.com/track/7mjldCGXRnPE7LAruewfYO,https://i.scdn.co/image/ab67616d0000b273e375f1da849791b6648b606c
lllit,Floripondio,Solanaceae,https://open.spotify.com/track/4o4qc8xmgrEnlAv3sz0r8Y,https://i.scdn.co/image/ab67616d0000b273e375f1da849791b6648b606c
lllit,80 Grados,80 Grados,https://open.spotify.com/track/2mzjyViLIY5UaKFtlT3FXm,https://i.scdn.co/image/ab67616d0000b273259379bd25a427f6b0aa93eb
lllit,80 Grados,80 Grados - Konomo Remix,https://open.spotify.com/track/1E42mXy6ll4x7iTlh36VQV,https://i.scdn.co/image/ab67616d0000b273259379bd25a427f6b0aa93eb
lllit,80 Grados,80 Grados - Oldschool Dubtechno .Producer Remix,https://open.spotify.com/track/2nLSSiogzXmsV52UneSIII,https://i.scdn.co/image/ab67616d0000b273259379bd25a427f6b0aa93eb
lllit,80 Grados,80 Grados - Noosa Sound System Dub Remix,https://open.spotify.com/track/14qZRSa1BG9uaWoTgooIv1,https://i.scdn.co/image/ab67616d0000b273259379bd25a427f6b0aa93eb
lllit,80 Grados,80 Grados - Re.vila Remix,https://open.spotify.com/track/2IfEVDQYYLTuEjkvf3gCuL,https://i.scdn.co/image/ab67616d0000b273259379bd25a427f6b0aa93eb
lllit,80 Grados,80 Grados - Xyiz Remix,https://open.spotify.com/track/7xaki0kYnNqmAMb6Z5N2XM,https://i.scdn.co/image/ab67616d0000b273259379bd25a427f6b0aa93eb
lllit,Now Breathe (LLLIT Remix),Now Breathe - LLLIT Remix,https://open.spotify.com/track/7fb0WLJq6TL1YT32G1OZQV,https://i.scdn.co/image/ab67616d0000b273dca9376ad647ff5ab405ea82
lllit,Morning After Rave (LLLIT Remix),Morning After Rave - LLLIT Remix,https://open.spotify.com/track/4Mh7C4GCsyGwYhBlhPnIwB,https://i.scdn.co/image/ab67616d0000b27389071900708c9e711f2e6207
lllit,Generación De Egos Autodeclarados,Habitos Efimeros,https://open.spotify.com/track/7IQATrJVedRsiYJDNSVkLG,https://i.scdn.co/image/ab67616d0000b2739b1f6d8ee528ec2b3a4d0387
lllit,Generación De Egos Autodeclarados,Miopia Espiritual,https://open.spotify.com/track/6vreL2iqiuDdLKrjht8peD,https://i.scdn.co/image/ab67616d0000b2739b1f6d8ee528ec2b3a4d0387
lllit,Generación De Egos Autodeclarados,Individuacion,https://open.spotify.com/track/3gDk2f2cQ8QdmDIl3faoO1,https://i.scdn.co/image/ab67616d0000b2739b1f6d8ee528ec2b3a4d0387
lllit,November 22,November 22,https://open.spotify.com/track/3s81LRW9Zwnccm0NZbHYO7,https://i.scdn.co/image/ab67616d0000b273ae3d267ea9979fb34b259ba1
lllit,Intimo Baile De Las Creencias Y Emociones,Alborada - Radio Version,https://open.spotify.com/track/6XfGHiKSYe6cPKYi1fs5S7,https://i.scdn.co/image/ab67616d0000b273dc32f566fd8fb33406da02ed
lllit,Intimo Baile De Las Creencias Y Emociones,Caleuche - Radio Version,https://open.spotify.com/track/2StE3qmvVv33K45QBsHv5A,https://i.scdn.co/image/ab67616d0000b273dc32f566fd8fb33406da02ed
lllit,Intimo Baile De Las Creencias Y Emociones,Creencias Y Emociones - Radio Version,https://open.spotify.com/track/4OLgmCl7p9dJ5mPARERSRL,https://i.scdn.co/image/ab67616d0000b273dc32f566fd8fb33406da02ed
lllit,Intimo Baile De Las Creencias Y Emociones,Cronopios - Radio Version,https://open.spotify.com/track/4OoFTmP18PCjACpBvkpGx7,https://i.scdn.co/image/ab67616d0000b273dc32f566fd8fb33406da02ed
lllit,Latvian Streets (LLLIT Remix),Latvian Streets - LLLIT Remix,https://open.spotify.com/track/2kNtQupew1b82geSBS5Wh9,https://i.scdn.co/image/ab67616d0000b273bd291fb298e6b0b13c2bb514
lllit,Cubensis,Cubensis,https://open.spotify.com/track/2VUol6Zqv4uDERkNJxfg8D,https://i.scdn.co/image/ab67616d0000b2735a0379807bf1bff4a773af5a
lllit,Cubensis,Cubensis - Juu Juu Remix,https://open.spotify.com/track/7fU2foehYS8ieZKbYMf0Uf,https://i.scdn.co/image/ab67616d0000b2735a0379807bf1bff4a773af5a
lllit,Cubensis,Cubensis - Dott. Santafeo Remix,https://open.spotify.com/track/0AdaxpR3Us84oRnPVJSypH,https://i.scdn.co/image/ab67616d0000b2735a0379807bf1bff4a773af5a
lllit,Cubensis,Cubensis - Holm Torrance Remix,https://open.spotify.com/track/0SQxPosy25W84bO95Ela6T,https://i.scdn.co/image/ab67616d0000b2735a0379807bf1bff4a773af5a
lllit,Cubensis,Cubensis - Oldschool Dubtechno .Producer Remix,https://open.spotify.com/track/7fohbpoXrZcJjQsVKqJlrA,https://i.scdn.co/image/ab67616d0000b2735a0379807bf1bff4a773af5a
lllit,Alienating Dub (LLLIT Remix),Alienating Dub - LLLIT Remix,https://open.spotify.com/track/3Rs6PnGQYc1taahjO2fhpl,https://i.scdn.co/image/ab67616d0000b2734de8e08d790d9c337851ea42
Nae:Tek,Dub Techno Label Mix October 24 (DJ Mix),It Went Too Far - Mixed,https://open.spotify.com/track/4Q4FPDamYYEMwnRt2vuc91,https://i.scdn.co/image/ab67616d0000b273c623dcbccbbe8cb41db604d8
Nae:Tek,Dub Techno Label Mix October 24 (DJ Mix),No Trespassing - Mixed,https://open.spotify.com/track/1ylUPLd2P971XinfGb4tSx,https://i.scdn.co/image/ab67616d0000b273c623dcbccbbe8cb41db604d8
Nae:Tek,Dub Techno Label Mix October 24 (DJ Mix),Worried - Mixed,https://open.spotify.com/track/5fIRi3KIiwuMWs3J3fGfUd,https://i.scdn.co/image/ab67616d0000b273c623dcbccbbe8cb41db604d8
Nae:Tek,Dub Techno Label Mix October 24 (DJ Mix),Basic Rule - Mixed,https://open.spotify.com/track/1zynldoLY6PAKK1eobO2oj,https://i.scdn.co/image/ab67616d0000b273c623dcbccbbe8cb41db604d8
Nae:Tek,Dub Techno Label Mix October 24 (DJ Mix),Dusky Chords 02 - Mixed,https://open.spotify.com/track/5GVDFwBOs5d6TKq28sQteR,https://i.scdn.co/image/ab67616d0000b273c623dcbccbbe8cb41db604d8
Nae:Tek,Dub Techno Label Mix October 24 (DJ Mix),Mascavo - Mixed,https://open.spotify.com/track/3S3TAa9DJWqtIFrsp1mplI,https://i.scdn.co/image/ab67616d0000b273c623dcbccbbe8cb41db604d8
Nae:Tek,Dub Techno Label Mix October 24 (DJ Mix),Andromeda - Mixed,https://open.spotify.com/track/15tN3ElN0N9WJP7AWu64kl,https://i.scdn.co/image/ab67616d0000b273c623dcbccbbe8cb41db604d8
Nae:Tek,Dub Techno Label Mix October 24 (DJ Mix),Condor - Mixed,https://open.spotify.com/track/0ZwK6He9IhLt18eOtkU8dS,https://i.scdn.co/image/ab67616d0000b273c623dcbccbbe8cb41db604d8
Nae:Tek,Dub Waves 2.0 (DJ Mix),Conversion - Giuliano Rodrigues Rmx - Mixed,https://open.spotify.com/track/6vy7TFjRoCQPU7vJZRiw8g,https://i.scdn.co/image/ab67616d0000b27339fdc433755610064da46936
Nae:Tek,Dub Waves 2.0 (DJ Mix),Sensacion Abstracta - Radio Badjay Rmx - Mixed,https://open.spotify.com/track/7ztQDLkxyMkihmZlNEQtI0,https://i.scdn.co/image/ab67616d0000b27339fdc433755610064da46936
Nae:Tek,Dub Waves 2.0 (DJ Mix),The Vision - Mixed,https://open.spotify.com/track/18oMUJTaYYVJrgy0Pk2tDT,https://i.scdn.co/image/ab67616d0000b27339fdc433755610064da46936
Nae:Tek,Dub Waves 2.0 (DJ Mix),Search 4 - The Venusian Rmx - Mixed,https://open.spotify.com/track/2DhM6KOuzAMgR9QvcFKuHi,https://i.scdn.co/image/ab67616d0000b27339fdc433755610064da46936
Nae:Tek,Dub Waves 2.0 (DJ Mix),Amongst the Ether - Mixed,https://open.spotify.com/track/2l9nCUzub9xHdeU05kyE4d,https://i.scdn.co/image/ab67616d0000b27339fdc433755610064da46936
Nae:Tek,Dub Waves 2.0 (DJ Mix),Conception - Mixed,https://open.spotify.com/track/1xQf1xDMwzbgZalHUGEkcT,https://i.scdn.co/image/ab67616d0000b27339fdc433755610064da46936
Nae:Tek,Dub Waves 2.0 (DJ Mix),Karakurt - Guzz Arg Rmx - Mixed,https://open.spotify.com/track/1nF9LU2gfEQDkVL3iUiCgK,https://i.scdn.co/image/ab67616d0000b27339fdc433755610064da46936
Nae:Tek,Dub Waves 2.0 (DJ Mix),Memoirs of the Future - Mixed,https://open.spotify.com/track/2XMf5xsDLXULlnQoaHDyW2,https://i.scdn.co/image/ab67616d0000b27339fdc433755610064da46936
Nae:Tek,Underground Deep & Dub Techno Mix Guest Dj: Gentleman (DJ Mix),Overflow - Mixed,https://open.spotify.com/track/6pHHOTeGYyehoDgB2BqhCn,https://i.scdn.co/image/ab67616d0000b273c77037ed1529015d9d1ecdf5
Nae:Tek,Underground Deep & Dub Techno Mix Guest Dj: Gentleman (DJ Mix),The Dark Traveler - Mixed,https://open.spotify.com/track/3QQ8UHr7cpu9Hua2qRG8JR,https://i.scdn.co/image/ab67616d0000b273c77037ed1529015d9d1ecdf5
Nae:Tek,Underground Deep & Dub Techno Mix Guest Dj: Gentleman (DJ Mix),Mentalizing - Mixed,https://open.spotify.com/track/2hnYNvl6ufmHUho0wb64jg,https://i.scdn.co/image/ab67616d0000b273c77037ed1529015d9d1ecdf5
Nae:Tek,Underground Deep & Dub Techno Mix Guest Dj: Gentleman (DJ Mix),Noumena - Mixed,https://open.spotify.com/track/75DJ1blc4gVmRWFEygH4PJ,https://i.scdn.co/image/ab67616d0000b273c77037ed1529015d9d1ecdf5
Nae:Tek,Underground Deep & Dub Techno Mix Guest Dj: Gentleman (DJ Mix),Shadow - Roman Ridder Rmx - Mixed,https://open.spotify.com/track/2Prw81dm2Za3zavYmkuZKH,https://i.scdn.co/image/ab67616d0000b273c77037ed1529015d9d1ecdf5
Nae:Tek,Underground Deep & Dub Techno Mix Guest Dj: Gentleman (DJ Mix),Miscellaneous - Mixed,https://open.spotify.com/track/2LKTkZ4bh6JZUdCreyynVE,https://i.scdn.co/image/ab67616d0000b273c77037ed1529015d9d1ecdf5
Nae:Tek,Underground Deep & Dub Techno Mix Guest Dj: Gentleman (DJ Mix),The Arc - Mixed,https://open.spotify.com/track/6ytcivn2ql8395vkoxhl6S,https://i.scdn.co/image/ab67616d0000b273c77037ed1529015d9d1ecdf5
Nae:Tek,Underground Deep & Dub Techno Mix Guest Dj: Gentleman (DJ Mix),Libelle - Angel Lebailly & David Heine Rmx - Mixed,https://open.spotify.com/track/7flDNE1xX93r0F1NBBATX3,https://i.scdn.co/image/ab67616d0000b273c77037ed1529015d9d1ecdf5
Nae:Tek,Underground Deep & Dub Techno Mix Guest Dj: Gentleman (DJ Mix),Southwark Bridge - Mixed,https://open.spotify.com/track/1ZNyKYP11xoXnNjfz07zas,https://i.scdn.co/image/ab67616d0000b273c77037ed1529015d9d1ecdf5
Nae:Tek,Dub Waves 1.0 (DJ Mix),Orca Black - Mixed,https://open.spotify.com/track/5y0JDd5HZb0Z00wW2bELfY,https://i.scdn.co/image/ab67616d0000b2731f1c6436e7ff42bda20ff235
Nae:Tek,Dub Waves 1.0 (DJ Mix),City Lights - Mixed,https://open.spotify.com/track/4g2Cgjbi6cKoSoQcSUGXfT,https://i.scdn.co/image/ab67616d0000b2731f1c6436e7ff42bda20ff235
Nae:Tek,Dub Waves 1.0 (DJ Mix),Imaginary - Mixed,https://open.spotify.com/track/4Om7d7kZgN9Pfr7XgBNaw5,https://i.scdn.co/image/ab67616d0000b2731f1c6436e7ff42bda20ff235
Nae:Tek,Dub Waves 1.0 (DJ Mix),Falsehood - Mixed,https://open.spotify.com/track/3TbUArhgkwacAZhI5UfyKM,https://i.scdn.co/image/ab67616d0000b2731f1c6436e7ff42bda20ff235
Nae:Tek,Dub Waves 1.0 (DJ Mix),Coming - Davor Tosovic Rmx - Mixed,https://open.spotify.com/track/3mHcyCKnVm9sssV8g9MYqc,https://i.scdn.co/image/ab67616d0000b2731f1c6436e7ff42bda20ff235
Nae:Tek,Dub Waves 1.0 (DJ Mix),Libelle - Gambusia Rmx - Mixed,https://open.spotify.com/track/4Aqmb300hqv7L934mUpr9I,https://i.scdn.co/image/ab67616d0000b2731f1c6436e7ff42bda20ff235
Nae:Tek,Dub Waves 1.0 (DJ Mix),Maeher - Dirty4mat Redub Rmx - Mixed,https://open.spotify.com/track/2nHk3p7DztG8AplxGmyorU,https://i.scdn.co/image/ab67616d0000b2731f1c6436e7ff42bda20ff235
Nae:Tek,Dub Waves 1.0 (DJ Mix),Conversion - Lozz HT Rmx - Mixed,https://open.spotify.com/track/4aT8CKmEftSjGngaf7seEN,https://i.scdn.co/image/ab67616d0000b2731f1c6436e7ff42bda20ff235
Nae:Tek,Dub Waves 1.0 (DJ Mix),The Vision - Mixed,https://open.spotify.com/track/1pdaLbadyfIW0OpqnS1Yqx,https://i.scdn.co/image/ab67616d0000b2731f1c6436e7ff42bda20ff235
Nae:Tek,Dub Waves (DJ Mix),Abreaction - Mixed,https://open.spotify.com/track/0jQfd7U7eG3yzxk3SP4lCk,https://i.scdn.co/image/ab67616d0000b27310bae85d893af1be1c5c7eeb
Nae:Tek,Dub Waves (DJ Mix),It Went Too Far - Mixed,https://open.spotify.com/track/2iPysNIyCBOV7vujuXPgoz,https://i.scdn.co/image/ab67616d0000b27310bae85d893af1be1c5c7eeb
Nae:Tek,Dub Waves (DJ Mix),Constant Conjuction - Klartraum Rmx - Mixed,https://open.spotify.com/track/5HyDdvVlaoRcmenwf5t0nt,https://i.scdn.co/image/ab67616d0000b27310bae85d893af1be1c5c7eeb
Nae:Tek,Dub Waves (DJ Mix),Mascavo - Mixed,https://open.spotify.com/track/4Wr4qflC97NlF41IYid6mb,https://i.scdn.co/image/ab67616d0000b27310bae85d893af1be1c5c7eeb
Nae:Tek,Dub Waves (DJ Mix),Mind Dub - Mixed,https://open.spotify.com/track/0ima6JmexOFlcQjWIhurBx,https://i.scdn.co/image/ab67616d0000b27310bae85d893af1be1c5c7eeb
Nae:Tek,Dub Waves (DJ Mix),Constant Conjuction - Deemkeyne Rmx - Mixed,https://open.spotify.com/track/7yXX26G8oWoNo3uOnnKrsT,https://i.scdn.co/image/ab67616d0000b27310bae85d893af1be1c5c7eeb
Nae:Tek,Dub Waves (DJ Mix),At the End - Dominikanez Rmx - Mixed,https://open.spotify.com/track/01pq3o1DOgXV3PCo0GeXrT,https://i.scdn.co/image/ab67616d0000b27310bae85d893af1be1c5c7eeb
Nae:Tek,Dub Waves (DJ Mix),The Symbolic - Mixed,https://open.spotify.com/track/2vT57uq1yU4eMxcEHzFSku,https://i.scdn.co/image/ab67616d0000b27310bae85d893af1be1c5c7eeb
Nae:Tek,Special Guest Mix: Gentleman Luxury Deep House Mix (DJ Mix),Unity - Augusto Gagliardi Rmx - Mixed,https://open.spotify.com/track/60H0IKFV3t4yUJLLCwuLfx,https://i.scdn.co/image/ab67616d0000b273876f6284b1091d6f4839b24a
Nae:Tek,Special Guest Mix: Gentleman Luxury Deep House Mix (DJ Mix),Dusky Chords 1 - Zach De Vincent Rmx - Mixed,https://open.spotify.com/track/07yDUhLQ3YhT4kDNmv75a5,https://i.scdn.co/image/ab67616d0000b273876f6284b1091d6f4839b24a
Nae:Tek,Special Guest Mix: Gentleman Luxury Deep House Mix (DJ Mix),Idealizing - Unus Emre Rmx - Mixed,https://open.spotify.com/track/4lrkVyFLaHYbwOcmY6G6jD,https://i.scdn.co/image/ab67616d0000b273876f6284b1091d6f4839b24a
Nae:Tek,Special Guest Mix: Gentleman Luxury Deep House Mix (DJ Mix),Corruption of Form - Hart Thorson Remix Rmx - Mixed,https://open.spotify.com/track/5Oh9X0x5wcD3nPSlMTZe8o,https://i.scdn.co/image/ab67616d0000b273876f6284b1091d6f4839b24a
Nae:Tek,Special Guest Mix: Gentleman Luxury Deep House Mix (DJ Mix),A Mind of One's Own - Deep Sector Rmx - Mixed,https://open.spotify.com/track/4KiS9GIFk9SHuheiHWfubg,https://i.scdn.co/image/ab67616d0000b273876f6284b1091d6f4839b24a
Nae:Tek,Special Guest Mix: Gentleman Luxury Deep House Mix (DJ Mix),La Sangre De La Hermosa - Mixed,https://open.spotify.com/track/27xp5p9OOJaM008BvQ7dlS,https://i.scdn.co/image/ab67616d0000b273876f6284b1091d6f4839b24a
Nae:Tek,Special Guest Mix: Gentleman Luxury Deep House Mix (DJ Mix),Unity - Marco Grandi Rmx - Mixed,https://open.spotify.com/track/1XqYTt97mztOOfODlD7meu,https://i.scdn.co/image/ab67616d0000b273876f6284b1091d6f4839b24a
Nae:Tek,Special Guest Mix: Gentleman Luxury Deep House Mix (DJ Mix),Patiently - Marco Grandi Rmx - Mixed,https://open.spotify.com/track/2qiGgXeHrG6Pe4XLCfWNC1,https://i.scdn.co/image/ab67616d0000b273876f6284b1091d6f4839b24a
Nae:Tek,Special Guest Mix: Gentleman Luxury Deep House Mix (DJ Mix),Ultranova - Mixed,https://open.spotify.com/track/3LqBAWwWhuoKz72vvNrDug,https://i.scdn.co/image/ab67616d0000b273876f6284b1091d6f4839b24a
Nae:Tek,Special Guest Mix: Gentleman Luxury Deep House Mix (DJ Mix),Raw - Vincent Casanova Rmx - Mixed,https://open.spotify.com/track/5GBrKnyBPK63w44pF2H8G4,https://i.scdn.co/image/ab67616d0000b273876f6284b1091d6f4839b24a
Nae:Tek,Deep Minimalismo (DJ Mix),Drrrerrr - Milos Pesovic Rmx - Mixed,https://open.spotify.com/track/0IiOcHGJL2UQJlnD8ja6mH,https://i.scdn.co/image/ab67616d0000b2736751fc322e92cec7044721fe
Nae:Tek,Deep Minimalismo (DJ Mix),Intersubjectivity - Jorge Cary Rmx - Mixed,https://open.spotify.com/track/6TYKNJlsEs8QUqBuSl2w07,https://i.scdn.co/image/ab67616d0000b2736751fc322e92cec7044721fe
Nae:Tek,Deep Minimalismo (DJ Mix),Free Associations - Cosmin Horatiu Rmx - Mixed,https://open.spotify.com/track/3GHY46OhtiV7itRpKzPxM9,https://i.scdn.co/image/ab67616d0000b2736751fc322e92cec7044721fe
Nae:Tek,Deep Minimalismo (DJ Mix),Happy Days - Rode Zayas Rmx - Mixed,https://open.spotify.com/track/6JwMGGxpYB9nbpftnmhWAi,https://i.scdn.co/image/ab67616d0000b2736751fc322e92cec7044721fe
Nae:Tek,Deep Minimalismo (DJ Mix),Happy Days - Doradice. Rmx - Mixed,https://open.spotify.com/track/3zFT859CWoexltmVOgNbiQ,https://i.scdn.co/image/ab67616d0000b2736751fc322e92cec7044721fe
Nae:Tek,Deep Minimalismo (DJ Mix),Solidarity - M.A. Rmx - Mixed,https://open.spotify.com/track/5P4XX22nsq0eQyjmrW1Lnz,https://i.scdn.co/image/ab67616d0000b2736751fc322e92cec7044721fe
Nae:Tek,Deep Minimalismo (DJ Mix),Solidarity - Jizz Rmx - Mixed,https://open.spotify.com/track/2YwMZTxFtUDSGasVdXZUsl,https://i.scdn.co/image/ab67616d0000b2736751fc322e92cec7044721fe
Nae:Tek,Special Guest Mix Gentleman Luxury Deep House Mix (DJ Mix),Holding - Mixed,https://open.spotify.com/track/6VUmrovkflc8lDE5brebyx,https://i.scdn.co/image/ab67616d0000b2733096877efe0379f9f7306ed0
Nae:Tek,Special Guest Mix Gentleman Luxury Deep House Mix (DJ Mix),Insomnio - Janno Kekkonen - Mixed,https://open.spotify.com/track/7BzSQpHA66sEnfDygMRZQ8,https://i.scdn.co/image/ab67616d0000b2733096877efe0379f9f7306ed0
Nae:Tek,Special Guest Mix Gentleman Luxury Deep House Mix (DJ Mix),Escalate - Mixed,https://open.spotify.com/track/3NEooEF1nhyw5xLFJvWyU8,https://i.scdn.co/image/ab67616d0000b2733096877efe0379f9f7306ed0
Nae:Tek,Special Guest Mix Gentleman Luxury Deep House Mix (DJ Mix),Feel It - Dp-6 Rmx - Mixed,https://open.spotify.com/track/5l65NqDWScqUx9DlDegYSA,https://i.scdn.co/image/ab67616d0000b2733096877efe0379f9f7306ed0
Nae:Tek,Special Guest Mix Gentleman Luxury Deep House Mix (DJ Mix),Waking Dream Thought - Mixed,https://open.spotify.com/track/55vnqtgpddEfuHhnED50RM,https://i.scdn.co/image/ab67616d0000b2733096877efe0379f9f7306ed0
Nae:Tek,Special Guest Mix Gentleman Luxury Deep House Mix (DJ Mix),Projection - Micronoise Rmx - Mixed,https://open.spotify.com/track/4DZ2eDRVYt0iCUo9cr0eNs,https://i.scdn.co/image/ab67616d0000b2733096877efe0379f9f7306ed0
Nae:Tek,Special Guest Mix Gentleman Luxury Deep House Mix (DJ Mix),Leading Edge - Dominikanez Rmx - Mixed,https://open.spotify.com/track/0nSjAMefVEXFcDcYgtlTH2,https://i.scdn.co/image/ab67616d0000b2733096877efe0379f9f7306ed0
Nae:Tek,Special Guest Mix Gentleman Luxury Deep House Mix (DJ Mix),Base Lunar - Mixed,https://open.spotify.com/track/2qXGbBdRjs5jiWlA7OHqCh,https://i.scdn.co/image/ab67616d0000b2733096877efe0379f9f7306ed0
Nae:Tek,Special Guest Mix Gentleman Luxury Deep House Mix (DJ Mix),Kaleidoscope - Mixed,https://open.spotify.com/track/3PCt1WtFYH4l882G2ddjN4,https://i.scdn.co/image/ab67616d0000b2733096877efe0379f9f7306ed0
Nae:Tek,Special Guest Mix Gentleman Luxury Deep House Mix (DJ Mix),Libelle - Angel Lebailly & David Heine Rmx - Mixed,https://open.spotify.com/track/3y1eOoOINrlfwGnWHFxnIS,https://i.scdn.co/image/ab67616d0000b2733096877efe0379f9f7306ed0
Nae:Tek,"Dub Techno Mix, Vol. 3 (DJ Mix)",Secure - Lanski' Empty Gene Rmx - Mixed,https://open.spotify.com/track/113Jtn1ktvqkI7skYbToWb,https://i.scdn.co/image/ab67616d0000b27384f9ec9fa0ba00ba32e817dd
Nae:Tek,"Dub Techno Mix, Vol. 3 (DJ Mix)",Resetter - Baruc Rmx - Mixed,https://open.spotify.com/track/1gycceTGcxf8zDa57OTqk6,https://i.scdn.co/image/ab67616d0000b27384f9ec9fa0ba00ba32e817dd
Nae:Tek,"Dub Techno Mix, Vol. 3 (DJ Mix)",Constant Conjuction - Klartraum Rmx - Mixed,https://open.spotify.com/track/32EIauunfSD8dNWs4ftcQS,https://i.scdn.co/image/ab67616d0000b27384f9ec9fa0ba00ba32e817dd
Nae:Tek,"Dub Techno Mix, Vol. 3 (DJ Mix)",Wave 4 - Ort3d Rmx - Mixed,https://open.spotify.com/track/2CB92btYSYEZZ3Sqp9BWxJ,https://i.scdn.co/image/ab67616d0000b27384f9ec9fa0ba00ba32e817dd
Nae:Tek,"Dub Techno Mix, Vol. 3 (DJ Mix)",Constant Conjuction - Deemkeyne Rmx - Mixed,https://open.spotify.com/track/3Ag4rwrjEGmR4R06gg370O,https://i.scdn.co/image/ab67616d0000b27384f9ec9fa0ba00ba32e817dd
Nae:Tek,"Dub Techno Mix, Vol. 3 (DJ Mix)",At the End - Mixed,https://open.spotify.com/track/7lCwqBZQ03YZj7LkYuIqQv,https://i.scdn.co/image/ab67616d0000b27384f9ec9fa0ba00ba32e817dd
Nae:Tek,"Dub Techno Mix, Vol. 3 (DJ Mix)",Out of the Base - Mixed,https://open.spotify.com/track/2KJLVZrhIGeo2YtQw77CNi,https://i.scdn.co/image/ab67616d0000b27384f9ec9fa0ba00ba32e817dd
Nae:Tek,Deep and Dub Label Mix 3.0 (DJ Mix),Anabiosis - Mixed,https://open.spotify.com/track/1UDAH1XWyZcynsTTZOa5U3,https://i.scdn.co/image/ab67616d0000b2736b02adb7e896e3865b21dfb1
Nae:Tek,Deep and Dub Label Mix 3.0 (DJ Mix),Soele - Mixed,https://open.spotify.com/track/5BQ8pAM0s0TBdKQIlJ2A4L,https://i.scdn.co/image/ab67616d0000b2736b02adb7e896e3865b21dfb1
Nae:Tek,Deep and Dub Label Mix 3.0 (DJ Mix),Skyline - Crispin Rmx - Mixed,https://open.spotify.com/track/2RcP91Y8HQttdtvv0z2Qx5,https://i.scdn.co/image/ab67616d0000b2736b02adb7e896e3865b21dfb1
Nae:Tek,Deep and Dub Label Mix 3.0 (DJ Mix),Deer Race - Mixed,https://open.spotify.com/track/3OgxSQuzuO4LazARPA6NP4,https://i.scdn.co/image/ab67616d0000b2736b02adb7e896e3865b21dfb1
Nae:Tek,Deep and Dub Label Mix 3.0 (DJ Mix),Town - Mixed,https://open.spotify.com/track/5cQ4V8TCev2GIa90fgw2lq,https://i.scdn.co/image/ab67616d0000b2736b02adb7e896e3865b21dfb1
Nae:Tek,Deep and Dub Label Mix 3.0 (DJ Mix),No Lsd - Max Zub Rmx - Mixed,https://open.spotify.com/track/5Um9jROyNjVcZcfL09hIY1,https://i.scdn.co/image/ab67616d0000b2736b02adb7e896e3865b21dfb1
Nae:Tek,Deep and Dub Label Mix 3.0 (DJ Mix),Skandenburger Tor - Mixed,https://open.spotify.com/track/66P2e3nRB9lgbkThOpNF20,https://i.scdn.co/image/ab67616d0000b2736b02adb7e896e3865b21dfb1
Nae:Tek,Deep and Dub Label Mix 3.0 (DJ Mix),Decollo 1.0 - Deeperwalk Rmx - Mixed,https://open.spotify.com/track/5E2t8frIbK0w1pPd9YbvKs,https://i.scdn.co/image/ab67616d0000b2736b02adb7e896e3865b21dfb1
Nae:Tek,Deep and Dub Label Mix 2.0 (DJ Mix),Epiphyte - Mixed,https://open.spotify.com/track/4ZkMmp3VCzDvclIocpT49L,https://i.scdn.co/image/ab67616d0000b27324d31192f336ec95cbd34797
Nae:Tek,Deep and Dub Label Mix 2.0 (DJ Mix),Sacred Geometry - Mixed,https://open.spotify.com/track/5z39lNx4xrZIRsz7GWXvnB,https://i.scdn.co/image/ab67616d0000b27324d31192f336ec95cbd34797
Nae:Tek,Deep and Dub Label Mix 2.0 (DJ Mix),Identity Diffusion - Roman Ridder Rmx - Mixed,https://open.spotify.com/track/6st3cG3QZ6JNV520xhJjCM,https://i.scdn.co/image/ab67616d0000b27324d31192f336ec95cbd34797
Nae:Tek,Deep and Dub Label Mix 2.0 (DJ Mix),A Gift - Mixed,https://open.spotify.com/track/3o1HMJZsTcyoZFk1ixKyY7,https://i.scdn.co/image/ab67616d0000b27324d31192f336ec95cbd34797
Nae:Tek,Deep and Dub Label Mix 2.0 (DJ Mix),Individuation - Mixed,https://open.spotify.com/track/5kswNWDFMrsnwc345j4hXW,https://i.scdn.co/image/ab67616d0000b27324d31192f336ec95cbd34797
Nae:Tek,Deep and Dub Label Mix 2.0 (DJ Mix),Warm Waves - Mixed,https://open.spotify.com/track/6pJDDiErGrZSdWAFTcSahf,https://i.scdn.co/image/ab67616d0000b27324d31192f336ec95cbd34797
Nae:Tek,Deep and Dub Label Mix 2.0 (DJ Mix),Introvertical - dubtommy Rmx - Mixed,https://open.spotify.com/track/7eXpjuldDpTgWUQLmYt9X3,https://i.scdn.co/image/ab67616d0000b27324d31192f336ec95cbd34797
Nae:Tek,Deep and Dub Label Mix 2.0 (DJ Mix),Mirroring - Mixed,https://open.spotify.com/track/6FVmI6ADzaLhbFwO1WYujp,https://i.scdn.co/image/ab67616d0000b27324d31192f336ec95cbd34797
Nae:Tek,"Dark Dub, Vol. 1 (DJ Mix)",Just Shadow of the Shape - Hart Thorson Rmx - Mixed,https://open.spotify.com/track/6a083aW9uZl4xVMMxIQca9,https://i.scdn.co/image/ab67616d0000b273ac7bee816683203d732428ad
Nae:Tek,"Dark Dub, Vol. 1 (DJ Mix)",Idealizing - Hart Thorson Rmx - Mixed,https://open.spotify.com/track/4PcxdXRGyklFhOzutVyQO0,https://i.scdn.co/image/ab67616d0000b273ac7bee816683203d732428ad
Nae:Tek,"Dark Dub, Vol. 1 (DJ Mix)",Corruption of Form - Hart Thorson Remix Rmx - Mixed,https://open.spotify.com/track/2neesYMGYyWKJILcZstJ9d,https://i.scdn.co/image/ab67616d0000b273ac7bee816683203d732428ad
Nae:Tek,"Dark Dub, Vol. 1 (DJ Mix)",To Such an Extent - Mixed,https://open.spotify.com/track/73of03GmwyZpo6ARjy3VY9,https://i.scdn.co/image/ab67616d0000b273ac7bee816683203d732428ad
Nae:Tek,"Dark Dub, Vol. 1 (DJ Mix)",Daydream - Mixed,https://open.spotify.com/track/53n9GNyfrxD7okrjlG3OKk,https://i.scdn.co/image/ab67616d0000b273ac7bee816683203d732428ad
Nae:Tek,"Dark Dub, Vol. 1 (DJ Mix)",Visibility - Mixed,https://open.spotify.com/track/67r395d7SBgQaQ46SZH1Y7,https://i.scdn.co/image/ab67616d0000b273ac7bee816683203d732428ad
Nae:Tek,"Dark Dub, Vol. 1 (DJ Mix)",La Mucca - Hart Thorson Rmx - Mixed,https://open.spotify.com/track/60VI3IAM8r9GAJEfhZwkNB,https://i.scdn.co/image/ab67616d0000b273ac7bee816683203d732428ad
Nae:Tek,"Dark Dub, Vol. 1 (DJ Mix)",Black Hole - Vontech Rmx - Mixed,https://open.spotify.com/track/5rtn8yzh6KQDh19Vnh3Xru,https://i.scdn.co/image/ab67616d0000b273ac7bee816683203d732428ad
Nae:Tek,"Essential Beats, Vol. 1 (DJ Mix)",Attitude - Jorge Cary Rmx - Mixed,https://open.spotify.com/track/3NfWDBh35ihLwk03WtsTpv,https://i.scdn.co/image/ab67616d0000b273c805ad67d3673a210f69ba42
Nae:Tek,"Essential Beats, Vol. 1 (DJ Mix)",Holding Environment - Mixed,https://open.spotify.com/track/5f8hr2X4qbmNydUovNoLn7,https://i.scdn.co/image/ab67616d0000b273c805ad67d3673a210f69ba42
Nae:Tek,"Essential Beats, Vol. 1 (DJ Mix)",Free Associations - The Kaltec Paradox Rmx - Mixed,https://open.spotify.com/track/4vcLnk0qMiTMA85nYQ7V72,https://i.scdn.co/image/ab67616d0000b273c805ad67d3673a210f69ba42
Nae:Tek,"Essential Beats, Vol. 1 (DJ Mix)",If You Know - Hernan Bass Rmx - Mixed,https://open.spotify.com/track/1cOBAxloWs0m9QcMNk6JBx,https://i.scdn.co/image/ab67616d0000b273c805ad67d3673a210f69ba42
Nae:Tek,"Essential Beats, Vol. 1 (DJ Mix)",Unanimed Definition - Diego Olarte Rmx - Mixed,https://open.spotify.com/track/5Pr8Gr9AlNufQuZKoGxz1e,https://i.scdn.co/image/ab67616d0000b273c805ad67d3673a210f69ba42
Nae:Tek,"Essential Beats, Vol. 1 (DJ Mix)",Drrrerrr - Milos Pesovic Rmx - Mixed,https://open.spotify.com/track/06yQtzgd5BPn3ousoF7tFs,https://i.scdn.co/image/ab67616d0000b273c805ad67d3673a210f69ba42
Nae:Tek,"Essential Beats, Vol. 1 (DJ Mix)",Free Associations - Cosmin Horatiu Rmx - Mixed,https://open.spotify.com/track/0rUp0rZvCkAnaSib8K5fxZ,https://i.scdn.co/image/ab67616d0000b273c805ad67d3673a210f69ba42
Nae:Tek,"Essential Beats, Vol. 1 (DJ Mix)",Free Associations - Nuendo Rmx - Mixed,https://open.spotify.com/track/4dBKQdfbzo2kh4b37Mp08N,https://i.scdn.co/image/ab67616d0000b273c805ad67d3673a210f69ba42
Nae:Tek,"Essential Beats, Vol. 1 (DJ Mix)",Holding Environment - Son of Elita Rmx - Mixed,https://open.spotify.com/track/2LXSxchim1nNNv3MrdO8gt,https://i.scdn.co/image/ab67616d0000b273c805ad67d3673a210f69ba42
Nae:Tek,Transformation (DJ Mix),Assimilation - Deep Sector - Mixed,https://open.spotify.com/track/0QKLvqDCRjkt87ppIGsAS1,https://i.scdn.co/image/ab67616d0000b2736cd609f3bbee2573f083f372
Nae:Tek,Transformation (DJ Mix),Focus Inwardly - King Chord Dub Mix - Mixed,https://open.spotify.com/track/03mZ7Dhz8bZ1ea3MQ5OkWl,https://i.scdn.co/image/ab67616d0000b2736cd609f3bbee2573f083f372
Nae:Tek,Transformation (DJ Mix),Commensal Link - Future Kings of House SA Rare Touch - Mixed,https://open.spotify.com/track/4Tk5OI0519Jn3LzybjUbWd,https://i.scdn.co/image/ab67616d0000b2736cd609f3bbee2573f083f372
Nae:Tek,Transformation (DJ Mix),Back Home - Zach DeVincent Rmx - Mixed,https://open.spotify.com/track/7IHmcXByDdflqzygsJQvJN,https://i.scdn.co/image/ab67616d0000b2736cd609f3bbee2573f083f372
Nae:Tek,Transformation (DJ Mix),A Mind of One's Own - Zach DeVincent Rmx - Mixed,https://open.spotify.com/track/0D9DFa7dlBYfAHxkZgw3sr,https://i.scdn.co/image/ab67616d0000b2736cd609f3bbee2573f083f372
Nae:Tek,Transformation (DJ Mix),Salvia - Alexander Saykov Rmx - Mixed,https://open.spotify.com/track/1fULQTJMefz48QbThkbExA,https://i.scdn.co/image/ab67616d0000b2736cd609f3bbee2573f083f372
Nae:Tek,Transformation (DJ Mix),Focus Inwardly - Marco Grandi Rmx - Mixed,https://open.spotify.com/track/7Ecq8BFAIHhjcGFyBDQ1th,https://i.scdn.co/image/ab67616d0000b2736cd609f3bbee2573f083f372
Nae:Tek,Transformation (DJ Mix),Unity - Marco Grandi Rmx - Mixed,https://open.spotify.com/track/3vujxmMTXGmwq4e0r1tV99,https://i.scdn.co/image/ab67616d0000b2736cd609f3bbee2573f083f372
Nae:Tek,Transformation (DJ Mix),Unity - Augusto Gagliardi Rmx - Mixed,https://open.spotify.com/track/1rlo6OIgiVILhzC8URaBdJ,https://i.scdn.co/image/ab67616d0000b2736cd609f3bbee2573f083f372
Nae:Tek,Dub Techno Mix 2.0 (DJ Mix),Bracelet - Mixed,https://open.spotify.com/track/1n2hdxuug1Z6XYvXeLqmFy,https://i.scdn.co/image/ab67616d0000b273a5cea77424a83d66621e70ce
Nae:Tek,Dub Techno Mix 2.0 (DJ Mix),Decollo - Mixed,https://open.spotify.com/track/0grvwV9vTZgLxd73p4nsTr,https://i.scdn.co/image/ab67616d0000b273a5cea77424a83d66621e70ce
Nae:Tek,Dub Techno Mix 2.0 (DJ Mix),Autonoesis - King Dub Mix - Mixed,https://open.spotify.com/track/6tPBLhpxCKEEeLbuuvlKhl,https://i.scdn.co/image/ab67616d0000b273a5cea77424a83d66621e70ce
Nae:Tek,Dub Techno Mix 2.0 (DJ Mix),Calibration 2.0 - Mixed,https://open.spotify.com/track/3T12QAsLhPxUaadxWcwItZ,https://i.scdn.co/image/ab67616d0000b273a5cea77424a83d66621e70ce
Nae:Tek,Dub Techno Mix 2.0 (DJ Mix),Feel It - Dp-6 Rmx - Mixed,https://open.spotify.com/track/0ZRc47xSmBZy8bggJlcPnz,https://i.scdn.co/image/ab67616d0000b273a5cea77424a83d66621e70ce
Nae:Tek,Dub Techno Mix 2.0 (DJ Mix),Calibration - Twenty Three Rmx - Mixed,https://open.spotify.com/track/1SqyMDNDhEzY7fcCprsm9O,https://i.scdn.co/image/ab67616d0000b273a5cea77424a83d66621e70ce
Nae:Tek,Dub Techno Mix 2.0 (DJ Mix),Decollo 3.0 - Mixed,https://open.spotify.com/track/62YGncptWwtriRVC8rVyH8,https://i.scdn.co/image/ab67616d0000b273a5cea77424a83d66621e70ce
Nae:Tek,Dub Techno Mix 2.0 (DJ Mix),Search 4 - Ma.ther Rmx - Mixed,https://open.spotify.com/track/4xFZ0bpePptmJ4MDvLgPSp,https://i.scdn.co/image/ab67616d0000b273a5cea77424a83d66621e70ce
Nae:Tek,Deep and Dark Label Mix 1.0 (DJ Mix),Waking Dream Thought - Mixed,https://open.spotify.com/track/5F3bOhjo0ni0KeBjEUMV9K,https://i.scdn.co/image/ab67616d0000b27309e42dde2a08c0c583a62f73
Nae:Tek,Deep and Dark Label Mix 1.0 (DJ Mix),Commensal Link - Mixed,https://open.spotify.com/track/6FcJDFc4LJwW3hDSLW0gbx,https://i.scdn.co/image/ab67616d0000b27309e42dde2a08c0c583a62f73
Nae:Tek,Deep and Dark Label Mix 1.0 (DJ Mix),Base Lunar - Mixed,https://open.spotify.com/track/2CAyORbi9c3GSYpHQdxaqI,https://i.scdn.co/image/ab67616d0000b27309e42dde2a08c0c583a62f73
Nae:Tek,Deep and Dark Label Mix 1.0 (DJ Mix),Insomnio - Mixed,https://open.spotify.com/track/3EH8KEF4BBbHQ52Wc4iC4W,https://i.scdn.co/image/ab67616d0000b27309e42dde2a08c0c583a62f73
Nae:Tek,Deep and Dark Label Mix 1.0 (DJ Mix),Contact Barrier - Mixed,https://open.spotify.com/track/2jOV5qQePwpboGyEsl49sr,https://i.scdn.co/image/ab67616d0000b27309e42dde2a08c0c583a62f73
Nae:Tek,Deep and Dark Label Mix 1.0 (DJ Mix),Redefining - Johnny Davison Rmx - Mixed,https://open.spotify.com/track/3lgJQsFoHAJjbVrdImQo9M,https://i.scdn.co/image/ab67616d0000b27309e42dde2a08c0c583a62f73
Nae:Tek,Deep and Dark Label Mix 1.0 (DJ Mix),Summer Night - George Kostopoulos Rmx - Mixed,https://open.spotify.com/track/393mrq9LQeVQpvmmEuLdeQ,https://i.scdn.co/image/ab67616d0000b27309e42dde2a08c0c583a62f73
Nae:Tek,Deep and Dark Label Mix 1.0 (DJ Mix),Sculptural Curve - George Kostopoulos Rmx - Mixed,https://open.spotify.com/track/7HlEAukEBvXqSEdQnZRfz1,https://i.scdn.co/image/ab67616d0000b27309e42dde2a08c0c583a62f73
Nae:Tek,Deep and Dark Label Mix (DJ Mix),G-Wave - Marco Berto Rmx - Mixed,https://open.spotify.com/track/3j80V3zJhGKayrXXaAumFZ,https://i.scdn.co/image/ab67616d0000b2730dc5aa526ea3df0276cceb64
Nae:Tek,Deep and Dark Label Mix (DJ Mix),Calibration 2.0 - Marco Berto Rmx - Mixed,https://open.spotify.com/track/2um0jLOZHktK4nD0oJ8awF,https://i.scdn.co/image/ab67616d0000b2730dc5aa526ea3df0276cceb64
Nae:Tek,Deep and Dark Label Mix (DJ Mix),Decollo 5.0 - Marco Berto Rmx - Mixed,https://open.spotify.com/track/3HjChFReDUstvd9X0WfYoA,https://i.scdn.co/image/ab67616d0000b2730dc5aa526ea3df0276cceb64
Nae:Tek,Deep and Dark Label Mix (DJ Mix),Skyline - Marco Berto Rmx - Mixed,https://open.spotify.com/track/0bPIdiYv5rug2L04nPbjgx,https://i.scdn.co/image/ab67616d0000b2730dc5aa526ea3df0276cceb64
Nae:Tek,Deep and Dark Label Mix (DJ Mix),Skyline - Turing Rmx - Mixed,https://open.spotify.com/track/2fF47h90oVcqKayFVwfqCJ,https://i.scdn.co/image/ab67616d0000b2730dc5aa526ea3df0276cceb64
Nae:Tek,Deep and Dark Label Mix (DJ Mix),Decollo 4.0 - Krisz Deak Rmx - Mixed,https://open.spotify.com/track/5iD3WDctFhbi6VbbcWvOSw,https://i.scdn.co/image/ab67616d0000b2730dc5aa526ea3df0276cceb64
Nae:Tek,Deep and Dark Label Mix (DJ Mix),Calibration - Marco Berto Rmx - Mixed,https://open.spotify.com/track/12yzSaNJMxHJj4uMbRlYUo,https://i.scdn.co/image/ab67616d0000b2730dc5aa526ea3df0276cceb64
Nae:Tek,Deep and Dark Label Mix (DJ Mix),Decollo 1.0 - Marco Berto Rmx - Mixed,https://open.spotify.com/track/6tW84Zs6ysMv74iTeLcBNN,https://i.scdn.co/image/ab67616d0000b2730dc5aa526ea3df0276cceb64
Nae:Tek,Deep and Dark Label Mix (DJ Mix),Encoding - Marco Berto Rmx - Mixed,https://open.spotify.com/track/6foqqvB0BnnVOyuVvbLgZC,https://i.scdn.co/image/ab67616d0000b2730dc5aa526ea3df0276cceb64
Nae:Tek,Deep and Dark Label Mix (DJ Mix),Decollo 4.0 - Marco Berto Rmx - Mixed,https://open.spotify.com/track/62YaVVUweSYm22ZBaXa0rT,https://i.scdn.co/image/ab67616d0000b2730dc5aa526ea3df0276cceb64
Nae:Tek,Deep and Dub Techno Label Mix (DJ Mix),Decollo 5.0 - Micronoise Rmx - Mixed,https://open.spotify.com/track/5XD38JR4meTHa5YFLz4CX1,https://i.scdn.co/image/ab67616d0000b2737ff2c9eef09cb4fb77e1cc00
Nae:Tek,Deep and Dub Techno Label Mix (DJ Mix),Integration - Micronoise Rmx - Mixed,https://open.spotify.com/track/6yvpaBrT2iXc7GmdN19kBe,https://i.scdn.co/image/ab67616d0000b2737ff2c9eef09cb4fb77e1cc00
Nae:Tek,Deep and Dub Techno Label Mix (DJ Mix),Projection - Micronoise Rmx - Mixed,https://open.spotify.com/track/3Avo9UlMJc8c1TZaj8NDpR,https://i.scdn.co/image/ab67616d0000b2737ff2c9eef09cb4fb77e1cc00
Nae:Tek,Deep and Dub Techno Label Mix (DJ Mix),Spring - Mixed,https://open.spotify.com/track/3KSes1zOrDWtm3yTijrn0O,https://i.scdn.co/image/ab67616d0000b2737ff2c9eef09cb4fb77e1cc00
Nae:Tek,Deep and Dub Techno Label Mix (DJ Mix),Transformation - Microlot Rmx - Mixed,https://open.spotify.com/track/4XQ76tyTygv0VwcbJFvqmd,https://i.scdn.co/image/ab67616d0000b2737ff2c9eef09cb4fb77e1cc00
Nae:Tek,Deep and Dub Techno Label Mix (DJ Mix),Humanism - Rick Fox Rmx - Mixed,https://open.spotify.com/track/2QpJjvQGjvfbidSBbT8hAr,https://i.scdn.co/image/ab67616d0000b2737ff2c9eef09cb4fb77e1cc00
Nae:Tek,Deep and Dub Techno Label Mix (DJ Mix),Reverb - Kaan Elitok Rmx - Mixed,https://open.spotify.com/track/3V6Lli2zxDZQfq1HrjZlLf,https://i.scdn.co/image/ab67616d0000b2737ff2c9eef09cb4fb77e1cc00
Nae:Tek,Deep and Dub Techno Label Mix (DJ Mix),Lacidus - Gambusia Rmx - Mixed,https://open.spotify.com/track/6XkWLiaR9uPdkoNn2lTY1U,https://i.scdn.co/image/ab67616d0000b2737ff2c9eef09cb4fb77e1cc00
Nae:Tek,Deep and Dub Techno Label Mix (DJ Mix),Rooms - Mixed,https://open.spotify.com/track/4OG152qA2C31UqzNFu6EYm,https://i.scdn.co/image/ab67616d0000b2737ff2c9eef09cb4fb77e1cc00
Nae:Tek,Dub Techno Label Mix 1.0 (DJ Mix),Decollo 5.0 - Mixed,https://open.spotify.com/track/0qKwUVKRHY6dGoNDyhwBnq,https://i.scdn.co/image/ab67616d0000b27350e24d23913a38b040c85dea
Nae:Tek,Dub Techno Label Mix 1.0 (DJ Mix),Union Dub - BD TOM Rmx - Mixed,https://open.spotify.com/track/1jjFQnzK256G8iGFXKKxeQ,https://i.scdn.co/image/ab67616d0000b27350e24d23913a38b040c85dea
Nae:Tek,Dub Techno Label Mix 1.0 (DJ Mix),Assimilation - Mixed,https://open.spotify.com/track/1GB52d5US52SU5mrFniBPr,https://i.scdn.co/image/ab67616d0000b27350e24d23913a38b040c85dea
Nae:Tek,Dub Techno Label Mix 1.0 (DJ Mix),Tokk - Forteba Rmx - Mixed,https://open.spotify.com/track/7wTplEeQPMVBM2Ug4O7yAS,https://i.scdn.co/image/ab67616d0000b27350e24d23913a38b040c85dea
Nae:Tek,Dub Techno Label Mix 1.0 (DJ Mix),Opium - Heavenchord Reshape - Mixed,https://open.spotify.com/track/38bzOYsUdHyt03vuDUlF6p,https://i.scdn.co/image/ab67616d0000b27350e24d23913a38b040c85dea
Nae:Tek,Dub Techno Label Mix 1.0 (DJ Mix),Decollo 4.0 - BDTom Remix - Mixed,https://open.spotify.com/track/6eHmVEod3tNzWx6t3ABmQW,https://i.scdn.co/image/ab67616d0000b27350e24d23913a38b040c85dea
Nae:Tek,Dub Techno Label Mix 1.0 (DJ Mix),Decollo - Schulz Audio Rmx - Mixed,https://open.spotify.com/track/40FHqBZpXQFr0EuPCyAVOo,https://i.scdn.co/image/ab67616d0000b27350e24d23913a38b040c85dea
Nae:Tek,Dub Techno Label Mix 1.0 (DJ Mix),A Gift - BD Tom Rmx - Mixed,https://open.spotify.com/track/2nAujS5ftS9VRkQoElYRYq,https://i.scdn.co/image/ab67616d0000b27350e24d23913a38b040c85dea
Nae:Tek,Dub Techno Label Mix 1.0 (DJ Mix),A Beautiful Place - Vanleer Rmx - Mixed,https://open.spotify.com/track/701O51fw6HixLZ50Wwl83f,https://i.scdn.co/image/ab67616d0000b27350e24d23913a38b040c85dea
Nae:Tek,Luxury Deep Vibes Guest Mix:Gentleman (DJ Mix),Solidarity - M.A. Rmx - Mixed,https://open.spotify.com/track/2JzvhGKJjTRTY0nRNKsN7y,https://i.scdn.co/image/ab67616d0000b273482036c299525587b1fcbab6
Nae:Tek,Luxury Deep Vibes Guest Mix:Gentleman (DJ Mix),Triton - Mixed,https://open.spotify.com/track/0NaOxwnyP5WIIXSNPxOejg,https://i.scdn.co/image/ab67616d0000b273482036c299525587b1fcbab6
Nae:Tek,Luxury Deep Vibes Guest Mix:Gentleman (DJ Mix),Europa - Mixed,https://open.spotify.com/track/6uyZVCy7VnKtXyHxFitZOm,https://i.scdn.co/image/ab67616d0000b273482036c299525587b1fcbab6
Nae:Tek,Luxury Deep Vibes Guest Mix:Gentleman (DJ Mix),Unity - Augusto Gagliardi Rmx - Mixed,https://open.spotify.com/track/2YKujbJPYmDyH53ICW4BJC,https://i.scdn.co/image/ab67616d0000b273482036c299525587b1fcbab6
Nae:Tek,Luxury Deep Vibes Guest Mix:Gentleman (DJ Mix),Enceladus - Mixed,https://open.spotify.com/track/1MVw4YDkOxMxbF2m5fmjRp,https://i.scdn.co/image/ab67616d0000b273482036c299525587b1fcbab6
Nae:Tek,Luxury Deep Vibes Guest Mix:Gentleman (DJ Mix),Reverb - Kaan Elitok Rmx - Mixed,https://open.spotify.com/track/473445ncYPYrizAX7FQmdG,https://i.scdn.co/image/ab67616d0000b273482036c299525587b1fcbab6
Nae:Tek,Luxury Deep Vibes Guest Mix:Gentleman (DJ Mix),A Mind of One's Own - Zach DeVincent Rmx - Mixed,https://open.spotify.com/track/7jiBSvBwXJz92wzqwiqmvW,https://i.scdn.co/image/ab67616d0000b273482036c299525587b1fcbab6
Nae:Tek,Luxury Deep Vibes Guest Mix:Gentleman (DJ Mix),Sculptural Curve - Giriu Dvasios Rmx - Mixed,https://open.spotify.com/track/4N1Mff6QzyUeM2Tf3KtO7D,https://i.scdn.co/image/ab67616d0000b273482036c299525587b1fcbab6
Nae:Tek,Luxury Deep Vibes Guest Mix:Gentleman (DJ Mix),Ouverture - Moodeep Rmx - Mixed,https://open.spotify.com/track/7vgw7eVzx5jgVgcbhCQmjz,https://i.scdn.co/image/ab67616d0000b273482036c299525587b1fcbab6
Nae:Tek,Luxury Deep Vibes Guest Mix:Gentleman (DJ Mix),Visibility - Mixed,https://open.spotify.com/track/5Jy0CMn1icaQDMol1C52E8,https://i.scdn.co/image/ab67616d0000b273482036c299525587b1fcbab6
Nae:Tek,Luxury Deep Vibes Guest Mix:Gentleman (DJ Mix),Wave 4 - Groov Mekanik Rmx - Mixed,https://open.spotify.com/track/4ULwTjF8EVAUBAvVG0sdCh,https://i.scdn.co/image/ab67616d0000b273482036c299525587b1fcbab6
Nae:Tek,Dopamine,Dopamine,https://open.spotify.com/track/4FPbULbsIvpJYRqm7h15pD,https://i.scdn.co/image/ab67616d0000b273f8114f7a65c642f217e2e5bb
Nae:Tek,Frozen Echoes,Frozen Echoes,https://open.spotify.com/track/5rEU8vU7fElcl2pFxfmmDP,https://i.scdn.co/image/ab67616d0000b27398372c5203e81cf35ef47540
Nae:Tek,Dark Days,Dark Days,https://open.spotify.com/track/62wIE5U8FfeF9ZTukUPtY2,https://i.scdn.co/image/ab67616d0000b273fc29e599d31fa7e3c0720ea2
Nae:Tek,Mirage,Mirage,https://open.spotify.com/track/15jiZMknLQuVbX29PidjlX,https://i.scdn.co/image/ab67616d0000b2734326c6236787211280a93a3d
Nae:Tek,Deep Night,Deep Night,https://open.spotify.com/track/2MHgNxhLwnFq2HyjkiY7KJ,https://i.scdn.co/image/ab67616d0000b2734d7da0391452a755f10fcc44
Nae:Tek,Reverseble Perspective,Reverseble Perspective - Specdub Rmx,https://open.spotify.com/track/6MKbwyyZHRmwqZYkfqUEsb,https://i.scdn.co/image/ab67616d0000b273c23ffcf7f330638be59033a7
Nae:Tek,Reverseble Perspective,Reverseble Perspective - Robert Solheim Aurora Borealis Rmx,https://open.spotify.com/track/6yDqp47e1afKYCuWqDxt8H,https://i.scdn.co/image/ab67616d0000b273c23ffcf7f330638be59033a7
Nae:Tek,Reverseble Perspective,Reverseble Perspective - Gus Jerez Rmx,https://open.spotify.com/track/6JSeH8AcrCUPgZfNi8LF2X,https://i.scdn.co/image/ab67616d0000b273c23ffcf7f330638be59033a7
Nae:Tek,Jouissance,Jouissance,https://open.spotify.com/track/5mJwCtjq76YThYs1JR6rk1,https://i.scdn.co/image/ab67616d0000b273ec79572296216593960e7364
Nae:Tek,Forced Balance,Forced Balance,https://open.spotify.com/track/4xyt8hn8Puv45XZkOWugF0,https://i.scdn.co/image/ab67616d0000b273e697c9ec5fc4ce8267943532
Nae:Tek,A Mind With Dub,A Mind With Dub,https://open.spotify.com/track/1RBSwQIYQSOa2Ye4ITUJ87,https://i.scdn.co/image/ab67616d0000b273c9c1fedf29f8cd4945c35029
Nae:Tek,A Mind With Dub,A Mind With Dub - Giuliano Rodrigues' Cinematic Mix,https://open.spotify.com/track/1zbz9nSGq2rsVayFQZ9xPt,https://i.scdn.co/image/ab67616d0000b273c9c1fedf29f8cd4945c35029
Nae:Tek,A Mind With Dub,A Mind With Dub - Giuliano Rodrigues' Ultra Slow Mix,https://open.spotify.com/track/2xvxZaY2XMclnq9AUhLVJq,https://i.scdn.co/image/ab67616d0000b273c9c1fedf29f8cd4945c35029
Nae:Tek,A Mind With Dub,A Mind With Dub - Giuliano Rodrigues' Slowed & Reverbed Mix,https://open.spotify.com/track/170OgfdAerKEMj03GHVvUY,https://i.scdn.co/image/ab67616d0000b273c9c1fedf29f8cd4945c35029
Nae:Tek,A Mind With Dub,A Mind With Dub - Giuliano Rodrigues' Ambient Mix,https://open.spotify.com/track/7Jaskt5rvMrCucQTmdLKHu,https://i.scdn.co/image/ab67616d0000b273c9c1fedf29f8cd4945c35029
Nae:Tek,Labyrinth,Labyrinth,https://open.spotify.com/track/2Wd8HYX0jAPe6tz6nk81B2,https://i.scdn.co/image/ab67616d0000b273fd86c89e57c660dc3b02ae54
Nae:Tek,Few Objects,Few Objects,https://open.spotify.com/track/1upk4wSDpjO8Cwjjvwg40H,https://i.scdn.co/image/ab67616d0000b27395f07f89afd42e7a104d02fe
Nae:Tek,Few Objects,Few Objects - Deemkeyne's Sad Version,https://open.spotify.com/track/7mlA2xKmFWPpvnYClAWYpi,https://i.scdn.co/image/ab67616d0000b27395f07f89afd42e7a104d02fe
Nae:Tek,The Real,The Real,https://open.spotify.com/track/4yuulAwc30hNw9yfUVadzy,https://i.scdn.co/image/ab67616d0000b27347cca734d6831744aa237f83
Nae:Tek,Aha Erlebnis,Aha Erlebnis,https://open.spotify.com/track/04hMJsREbN845e8DveDooD,https://i.scdn.co/image/ab67616d0000b273dab3e4d498914de2274e270e
Nae:Tek,Sensual and Sensous,Sensual and Sensous - Woelk Rmx,https://open.spotify.com/track/62WZDm738dsPOKpQuqJz4L,https://i.scdn.co/image/ab67616d0000b273d2a24a4a937bc3338aedca5c
Nae:Tek,Sensual and Sensous,Sensual and Sensous - Blue Lines Rmx,https://open.spotify.com/track/0XFZ8wzZkUjvtRIlEyGfRj,https://i.scdn.co/image/ab67616d0000b273d2a24a4a937bc3338aedca5c
Nae:Tek,Afrique,Afrique,https://open.spotify.com/track/6ySf9nFHRdno4I05ZSIIh8,https://i.scdn.co/image/ab67616d0000b273ac0a2049bcbea481f5ff5b13
Nae:Tek,Arrayan Forest,Sunny Day,https://open.spotify.com/track/1GYQanMDJM58ii81ztxIoR,https://i.scdn.co/image/ab67616d0000b273b5284452f92c79f08af1c75f
Nae:Tek,Arrayan Forest,Arrayan Forest,https://open.spotify.com/track/6WgUJdaZoGBarDltgTUNmX,https://i.scdn.co/image/ab67616d0000b273b5284452f92c79f08af1c75f
Nae:Tek,Sensual and Sensuos,Sensual and Sensuos - Anderson M Rmx,https://open.spotify.com/track/4WPZv1d4ne6VFFaJaQJ7y9,https://i.scdn.co/image/ab67616d0000b2738b8416581d2939b94ab54154
Nae:Tek,Sensual and Sensuos,Sensual and Sensuos - Operandum Rmx,https://open.spotify.com/track/4huHeoNjWqnd0UXMT9MimK,https://i.scdn.co/image/ab67616d0000b2738b8416581d2939b94ab54154
Nae:Tek,Satellite,Satellite,https://open.spotify.com/track/5BCiqP1xRnCLg6fLIOLuEA,https://i.scdn.co/image/ab67616d0000b27302ebc18a519e1dad779311b6
Nae:Tek,Awe,Awe,https://open.spotify.com/track/6e2aJTgBACX9BAn5hffDLB,https://i.scdn.co/image/ab67616d0000b273a8f85121942296a9c952a468
Nae:Tek,Dream Screen,Dream Screen,https://open.spotify.com/track/29D60OJ2udGwAWqOcaGI64,https://i.scdn.co/image/ab67616d0000b273f07731c5716bc2d5f6b3f7bb
